tra_infr,unit,geo\time	2007 	2008 	2009 	2010 	2011 	2012 	2013 	2014 	2015 	2016 	2017 	2018 
MWAY,KM,AT11	61 	80 	80 	80 	80 	80 	80 	80 	80 	80 	80 	80 
MWAY,KM,AT12	328 	328 	328 	350 	350 	350 	350 	350 	350 	350 	375 	375 
MWAY,KM,AT13	43 	43 	43 	43 	43 	43 	43 	43 	43 	43 	43 	43 
MWAY,KM,AT21	243 	243 	243 	243 	243 	243 	243 	243 	243 	243 	243 	243 
MWAY,KM,AT22	308 	308 	308 	308 	308 	308 	308 	308 	308 	308 	308 	308 
MWAY,KM,AT31	299 	299 	299 	299 	299 	299 	299 	299 	299 	299 	299 	299 
MWAY,KM,AT32	144 	144 	144 	144 	144 	144 	144 	144 	144 	144 	144 	144 
MWAY,KM,AT33	189 	189 	189 	189 	189 	189 	189 	189 	189 	189 	189 	189 
MWAY,KM,AT34	63 	63 	63 	63 	63 	63 	63 	63 	63 	63 	63 	63 
MWAY,KM,BE10	11 	11 	11 	11 	11 	11 	11 	11 	11 	11 	11 	11 
MWAY,KM,BE21	220 	220 	220 	220 	220 	220 	220 	220 	220 	220 	220 	220 
MWAY,KM,BE22	106 	106 	106 	106 	106 	106 	106 	106 	106 	106 	106 	106 
MWAY,KM,BE23	196 	196 	196 	196 	196 	196 	196 	196 	196 	196 	196 	196 
MWAY,KM,BE24	175 	175 	175 	175 	175 	175 	175 	175 	175 	175 	175 	175 
MWAY,KM,BE25	187 	187 	187 	187 	187 	187 	187 	187 	187 	187 	187 	187 
MWAY,KM,BE31	63 	63 	63 	63 	63 	63 	63 	63 	63 	63 	63 	63 
MWAY,KM,BE32	284 	284 	284 	284 	284 	284 	284 	284 	284 	284 	284 	284 
MWAY,KM,BE33	266 	266 	266 	266 	266 	266 	266 	266 	266 	266 	266 	266 
MWAY,KM,BE34	154 	154 	154 	154 	154 	154 	154 	154 	154 	154 	154 	154 
MWAY,KM,BE35	103 	103 	103 	103 	103 	103 	103 	103 	103 	103 	103 	103 
MWAY,KM,BG31	7 	7 	7 	7 	7 	7 	7 	7 	7 	7 	7 	7 
MWAY,KM,BG32	0 	0 	0 	0 	0 	0 	0 	0 	0 	0 	0 	0 
MWAY,KM,BG33	84 	84 	84 	84 	84 	84 	91 	91 	95 	95 	95 	95 
MWAY,KM,BG34	87 	87 	87 	87 	87 	171 	203 	204 	223 	221 	222 	223 
MWAY,KM,BG41	118 	118 	118 	118 	139 	138 	163 	163 	215 	223 	216 	240 
MWAY,KM,BG42	122 	122 	122 	141 	141 	141 	141 	145 	194 	194 	194 	192 
MWAY,KM,CH01	280 	280 	280 	280 	280 	280 	280 	280 	337 	344 	344 	344 
MWAY,KM,CH02	319 	319 	319 	319 	325 	329 	329 	340 	419 	424 	438 	438 
MWAY,KM,CH03	139 	139 	139 	139 	139 	139 	139 	139 	139 	139 	139 	139 
MWAY,KM,CH04	112 	112 	135 	135 	138 	138 	138 	138 	151 	151 	151 	151 
MWAY,KM,CH05	243 	243 	243 	243 	243 	243 	243 	243 	383 	386 	386 	386 
MWAY,KM,CH06	181 	181 	181 	181 	181 	181 	181 	181 	259 	259 	259 	259 
MWAY,KM,CH07	109 	109 	109 	109 	109 	109 	109 	109 	137 	139 	139 	139 
MWAY,KM,CY00	257 	257 	257 	257 	257 	257 	257 	257 	257 	257 	257 	257 
MWAY,KM,CZ01	11 	11 	11 	11 	11 	11 	11 	11 	11 	44 	44 	44 
MWAY,KM,CZ02	195 	194 	194 	194 	194 	194 	194 	194 	194 	347 	351 	351 
MWAY,KM,CZ03	125 	125 	124 	125 	125 	125 	149 	149 	149 	157 	165 	172 
MWAY,KM,CZ04	52 	53 	53 	53 	57 	57 	56 	56 	56 	128 	128 	132 
MWAY,KM,CZ05	24 	24 	26 	26 	26 	26 	26 	26 	26 	34 	39 	39 
MWAY,KM,CZ06	228 	227 	227 	227 	227 	227 	227 	227 	227 	253 	253 	253 
MWAY,KM,CZ07	8 	29 	41 	46 	53 	53 	53 	53 	53 	160 	160 	160 
MWAY,KM,CZ08	15 	28 	54 	54 	54 	60 	60 	60 	60 	100 	100 	100 
MWAY,KM,DE11	: 	388 	399 	: 	: 	: 	: 	: 	: 	: 	: 	: 
MWAY,KM,DE12	: 	266 	267 	: 	: 	: 	: 	: 	: 	: 	: 	: 
MWAY,KM,DE13	: 	279 	280 	: 	: 	: 	: 	: 	: 	: 	: 	: 
MWAY,KM,DE14	: 	106 	113 	: 	: 	: 	: 	: 	: 	: 	: 	: 
MWAY,KM,DE21	: 	600 	597 	597 	: 	: 	: 	: 	: 	: 	: 	: 
MWAY,KM,DE22	: 	235 	239 	239 	: 	: 	: 	: 	: 	: 	: 	: 
MWAY,KM,DE23	: 	336 	336 	337 	: 	: 	: 	: 	: 	: 	: 	: 
MWAY,KM,DE24	: 	349 	349 	349 	: 	: 	: 	: 	: 	: 	: 	: 
MWAY,KM,DE25	: 	358 	356 	356 	: 	: 	: 	: 	: 	: 	: 	: 
MWAY,KM,DE26	: 	353 	353 	353 	: 	: 	: 	: 	: 	: 	: 	: 
MWAY,KM,DE27	: 	259 	272 	272 	: 	: 	: 	: 	: 	: 	: 	: 
MWAY,KM,DE30	73 	77 	77 	77 	77 	77 	77 	77 	77 	77 	77 	77 
MWAY,KM,DE40	790 	795 	795 	795 	795 	794 	794 	794 	805 	805 	806 	806 
MWAY,KM,DE50	71 	75 	75 	75 	75 	75 	75 	80 	80 	80 	80 	80 
MWAY,KM,DE60	81 	81 	81 	81 	81 	81 	81 	81 	81 	81 	81 	81 
MWAY,KM,DE71	: 	480 	480 	480 	: 	: 	: 	: 	: 	: 	: 	: 
MWAY,KM,DE72	: 	199 	199 	199 	: 	: 	: 	: 	: 	: 	: 	: 
MWAY,KM,DE73	: 	293 	293 	293 	: 	: 	: 	: 	: 	: 	: 	: 
MWAY,KM,DE80	538 	538 	552 	554 	554 	554 	554 	554 	568 	568 	578 	578 
MWAY,KM,DE91	: 	274 	286 	: 	: 	: 	: 	: 	: 	: 	: 	: 
MWAY,KM,DE92	: 	226 	226 	: 	: 	: 	: 	: 	: 	: 	: 	: 
MWAY,KM,DE93	: 	299 	372 	: 	: 	: 	: 	: 	: 	: 	: 	: 
MWAY,KM,DE94	: 	547 	547 	: 	: 	: 	: 	: 	: 	: 	: 	: 
MWAY,KM,DEA1	: 	638 	649 	649 	: 	: 	: 	: 	: 	: 	: 	: 
MWAY,KM,DEA2	: 	557 	558 	558 	: 	: 	: 	: 	: 	: 	: 	: 
MWAY,KM,DEA3	: 	356 	356 	356 	: 	: 	: 	: 	: 	: 	: 	: 
MWAY,KM,DEA4	: 	189 	190 	190 	: 	: 	: 	: 	: 	: 	: 	: 
MWAY,KM,DEA5	: 	447 	448 	448 	: 	: 	: 	: 	: 	: 	: 	: 
MWAY,KM,DEB1	: 	257 	257 	258 	: 	: 	: 	: 	: 	: 	: 	: 
MWAY,KM,DEB2	: 	184 	184 	187 	: 	: 	: 	: 	: 	: 	: 	: 
MWAY,KM,DEB3	: 	431 	431 	431 	: 	: 	: 	: 	: 	: 	: 	: 
MWAY,KM,DEC0	240 	240 	240 	240 	240 	240 	240 	240 	240 	240 	240 	240 
MWAY,KM,DED2	216 	216 	216 	216 	: 	: 	: 	: 	: 	: 	: 	: 
MWAY,KM,DED4	203 	203 	203 	203 	: 	: 	: 	: 	: 	: 	: 	: 
MWAY,KM,DED5	111 	111 	111 	111 	: 	: 	: 	: 	: 	: 	: 	: 
MWAY,KM,DEE0	383 	407 	407 	407 	407 	411 	411 	416 	416 	416 	416 	499 
MWAY,KM,DEF0	498 	510 	533 	533 	533 	536 	536 	538 	538 	544 	545 	545 
MWAY,KM,DEG0	465 	482 	498 	498 	498 	498 	511 	510 	521 	521 	521 	521 
MWAY,KM,DK01	157 	157 	157 d	157 	159 	160 	160 	159 	164 	164 	167 	167 
MWAY,KM,DK02	260 	260 	260 d	260 	260 	260 	267 	267 	267 	267 	270 	270 
MWAY,KM,DK03	321 	328 	329 d	329 	336 	372 	377 	377 	377 	378 	379 	379 
MWAY,KM,DK04	186 	197 	197 d	197 	200 	215 	223 	241 	242 	259 	306 	327 
MWAY,KM,DK05	187 	187 	187 d	187 	187 	187 	187 	187 	187 	186 	186 	186 
MWAY,KM,EE00	96 	104 	100 	115 	115 	124 	140 	141 	147 	145 	154 	154 p
MWAY,KM,ES11	812 	907 	925 	961 	994 	995 	1015 	1031 	1080 	1105 	1105 	1112 
MWAY,KM,ES12	372 	389 	394 	394 	390 	408 	433 	454 	454 	453 	454 	454 
MWAY,KM,ES13	205 	214 	218 	218 	216 	227 	227 	227 	255 	255 	255 	255 
MWAY,KM,ES21	489 	510 	529 	535 	552 	533 	533 	474 	488 	496 	496 	496 
MWAY,KM,ES22	322 	345 	348 	356 	372 	372 	372 	372 	380 	380 	380 	380 
MWAY,KM,ES23	154 	159 	159 	159 	159 	165 	165 	176 	181 	181 	181 	181 
MWAY,KM,ES24	604 	667 	676 	704 	749 	752 	757 	767 	769 	788 	788 	793 
MWAY,KM,ES30	747 	751 	760 	753 	780 	771 	777 	783 	783 	771 	771 	766 
MWAY,KM,ES41	1797 	1995 	2158 	2194 	2195 	2207 	2253 	2267 	2350 	2355 	2357 	2379 
MWAY,KM,ES42	1487 	1553 	1636 	1775 	1772 	1816 	1816 	1812 	1812 	1815 	1815 	1817 
MWAY,KM,ES43	593 	640 	651 	668 	679 	694 	694 	700 	700 	703 	703 	703 
MWAY,KM,ES51	1281 	1168 	1271 	1201 	1267 	1294 	1445 	1454 	1448 	1456 	1461 	1465 
MWAY,KM,ES52	1137 	1091 	1091 	1116 	1131 	1138 	1142 	1142 	1141 	1183 	1186 	1190 
MWAY,KM,ES53	94 	94 	94 	94 	94 	94 	93 	94 	94 	94 	94 	94 
MWAY,KM,ES61	2252 	2316 	2379 	2391 	2453 	2462 	2457 	2490 	2585 	2584 	2610 	2626 
MWAY,KM,ES62	450 	498 	517 	527 	533 	542 	569 	569 	572 	573 	596 	596 
MWAY,KM,ES63	0 	0 	0 	0 	0 	0 	0 	0 	0 	0 	0 	0 
MWAY,KM,ES64	0 	0 	0 	0 	0 	0 	0 	0 	0 	0 	0 	0 
MWAY,KM,ES70	217 	217 	217 	217 	219 	233 	233 	239 	246 	253 	271 	276 
MWAY,KM,FI19	102 	115 	114 	115 	126 	115 	115 	115 	115 	115 	115 	115 
MWAY,KM,FI1B	258 	257 	281 	281 	281 	281 	281 	322 	322 	322 	322 	322 
MWAY,KM,FI1C	244 	271 	271 	271 	271 	271 	281 	307 	307 	315 	318 	351 
MWAY,KM,FI1D	95 	95 	98 	112 	112 	112 	133 	138 	138 	138 	138 	138 
MWAY,KM,FI20	0 	0 	0 	0 	0 	0 	0 	0 	0 	0 	0 	0 
MWAY,KM,FR10	607 	605 	605 	605 	613 	613 	613 	613 	613 	613 	614 	613 
MWAY,KM,FRB0	884 	884 	983 	983 	982 	982 	982 	981 	981 	981 	980 	980 
MWAY,KM,FRC1	686 	686 	685 	685 	686 	683 	683 	683 	683 	683 	683 	683 
MWAY,KM,FRC2	218 	218 	218 	218 	218 	218 	218 	218 	218 	218 	218 	218 
MWAY,KM,FRD1	240 	255 	255 	284 	283 	287 	287 	297 	287 	287 	287 	287 
MWAY,KM,FRD2	428 	428 	427 	427 	427 	427 	427 	427 	443 	443 	442 	443 
MWAY,KM,FRE1	597 	627 	627 	627 	627 	627 	627 	627 	627 	626 	626 	626 
MWAY,KM,FRE2	550 	550 	550 	550 	550 	550 	550 	551 	551 	551 	551 	553 
MWAY,KM,FRF1	301 	301 	301 	302 	302 	302 	302 	302 	300 	300 	300 	300 
MWAY,KM,FRF2	503 	503 	503 	516 	516 	516 	515 	515 	515 	515 	522 	542 
MWAY,KM,FRF3	465 	465 	462 	462 	462 	462 	462 	462 	462 	462 	462 	462 
MWAY,KM,FRG0	719 	746 	745 	746 	748 	748 	748 	747 	747 	747 	747 	747 
MWAY,KM,FRH0	50 	50 	50 	50 	50 	50 	50 	50 	50 	50 	50 	50 
MWAY,KM,FRI1	628 	628 	635 	785 	785 	785 	875 	785 	876 	887 	886 	885 
MWAY,KM,FRI2	263 	263 	274 	274 	274 	274 	274 	274 	279 	279 	279 	279 
MWAY,KM,FRI3	300 	300 	300 	300 	300 	300 	300 	300 	300 	300 	300 	300 
MWAY,KM,FRJ1	531 	536 	546 	561 	563 	563 	563 	568 	568 	568 	568 	589 
MWAY,KM,FRJ2	654 	652 	652 	653 	652 	652 	652 	653 	653 	653 	652 	653 
MWAY,KM,FRK1	370 	380 	380 	380 	380 	380 	380 	380 	393 	393 	393 	393 
MWAY,KM,FRK2	1211 	1211 	1211 	1230 	1245 	1244 	1294 	1294 	1300 	1300 	1300 	1305 
MWAY,KM,FRL0	753 	754 	754 	754 	750 	750 	750 	754 	754 	759 	759 	762 
MWAY,KM,FRM0	0 	0 	0 	0 	0 	0 	0 	0 	0 	0 	0 	0 
MWAY,KM,FRY1	: 	: 	: 	: 	: 	: 	: 	0 	0 	0 	0 	0 
MWAY,KM,FRY2	0 	0 	0 	0 	0 	0 	0 	0 	0 	0 	0 	0 
MWAY,KM,FRY3	0 	0 	0 	0 	0 	0 	0 	0 	0 	0 	0 	0 
MWAY,KM,FRY4	0 	0 	0 	0 	0 	0 	0 	0 	0 	0 	0 	0 
MWAY,KM,FRY5	: 	: 	: 	: 	: 	: 	: 	0 	0 	0 	0 	0 
MWAY,KM,HR03	562 	603 	604 	604 	613 	613 	648 	650 	650 	650 	650 	650 
MWAY,KM,HR04	594 	596 	640 	640 	640 	640 	640 	640 	660 	660 	660 	660 
MWAY,KM,HU11	: 	: 	: 	: 	: 	: 	: 	62 	61 	61 	61 	61 
MWAY,KM,HU12	: 	: 	: 	: 	: 	: 	: 	239 	240 	241 	241 	243 
MWAY,KM,HU21	242 	254 	254 	267 	265 	265 	261 	261 	261 	261 	261 	261 
MWAY,KM,HU22	136 	167 	166 	165 	168 	168 	168 	168 	183 	188 	189 	189 
MWAY,KM,HU23	103 	125 	125 	297 	299 	299 	303 	303 	305 	305 	305 	305 
MWAY,KM,HU31	174 	174 	173 	173 	173 	173 	173 	174 	174 	174 	174 	176 
MWAY,KM,HU32	132 	132 	132 	132 	132 	132 	175 	190 	190 	190 	197 	226 
MWAY,KM,HU33	142 	143 	143 	145 	181 	181 	181 	181 	208 	208 	208 	209 
MWAY,KM,IE04	: 	: 	: 	: 	: 	: 	: 	83 	83 	83 	83 	83 
MWAY,KM,IE05	: 	: 	: 	: 	: 	: 	: 	471 	491 	491 	491 	491 
MWAY,KM,IE06	: 	: 	: 	: 	: 	: 	: 	344 	343 	343 	343 	343 
MWAY,KM,ITC1	817 	817 	817 	821 	821 	821 	821 	821 	829 	830 	830 	825 
MWAY,KM,ITC2	114 	114 	114 	114 	114 	114 	114 	114 	114 	114 	114 	110 
MWAY,KM,ITC3	375 	375 	375 	375 	375 	375 	375 	375 	375 	375 	375 	370 
MWAY,KM,ITC4	576 	587 	587 	589 	589 	604 	621 	679 	706 	708 	708 	703 
MWAY,KM,ITF1	352 	352 	352 	352 	352 	352 	352 	352 	355 	355 	355 	355 
MWAY,KM,ITF2	36 	36 	36 	36 	36 	36 	36 	36 	36 	36 	36 	36 
MWAY,KM,ITF3	442 	442 	442 	442 	442 	442 	442 	442 	443 	444 	444 	444 
MWAY,KM,ITF4	313 	313 	313 	313 	313 	313 	313 	313 	313 	313 	313 	313 
MWAY,KM,ITF5	29 	29 	29 	29 	29 	29 	29 	29 	29 	30 	30 	30 
MWAY,KM,ITF6	295 	295 	295 	295 	295 	295 	295 	295 	295 	288 	288 	288 
MWAY,KM,ITG1	644 	654 	654 	654 	654 	654 	662 	662 	678 	681 	681 	681 
MWAY,KM,ITG2	: 	: 	: 	: 	: 	: 	: 	: z	: 	: 	: 	: 
MWAY,KM,ITH1	211 	211 	211 	212 	212 	212 	212 d	212 d	212 d	212 d	212 d	207 d
MWAY,KM,ITH3	485 	493 	525 	525 	525 	556 	556 	576 	590 	588 	588 	583 
MWAY,KM,ITH4	210 	210 	210 	210 	210 	210 	210 	210 	210 	210 	210 	244 
MWAY,KM,ITH5	568 	568 	568 	568 	568 	568 	568 	568 	571 	572 	572 	567 
MWAY,KM,ITI1	424 	436 	436 	436 	436 	448 	448 	448 	463 	462 	462 	462 
MWAY,KM,ITI2	59 	59 	59 	59 	59 	59 	59 	59 	59 	59 	59 	59 
MWAY,KM,ITI3	168 	168 	168 	168 	168 	168 	168 	168 	168 	168 	168 	168 
MWAY,KM,ITI4	470 	470 	470 	470 	470 	470 	470 	485 	497 	498 	498 	498 
MWAY,KM,LI00	: z	: z	: z	: z	: z	: z	: z	0 	0 	0 	0 	0 
MWAY,KM,LT01	: 	: 	: 	: 	: 	: 	: 	: 	: 	: 	90 	90 
MWAY,KM,LT02	: 	: 	: 	: 	: 	: 	: 	: 	: 	: 	234 	234 
MWAY,KM,LU00	147 	147 	152 	152 	152 	152 	152 	152 	161 	161 	165 	165 
MWAY,KM,LV00	0 	0 	0 	0 	0 	0 	0 	0 	0 	0 	0 	0 
MWAY,KM,MT00	: z	: z	: z	: z	: z	: z	: 	0 	0 	0 	0 	0 
MWAY,KM,NL11	93 	93 	93 	95 	95 	95 	95 	95 	110 	110 	107 	107 
MWAY,KM,NL12	186 	186 	193 	196 	195 	201 	201 	202 	206 	206 	206 	207 
MWAY,KM,NL13	110 	110 	128 	128 	127 	127 	127 	127 	148 	148 	148 	148 
MWAY,KM,NL21	133 	133 	147 	147 	150 	149 	150 	150 	150 	155 	155 	155 
MWAY,KM,NL22	391 	391 	393 	393 	393 	393 	393 	393 	393 	393 	393 	394 
MWAY,KM,NL23	99 	99 	99 	99 	99 	101 	103 	103 	103 	102 	102 	103 
MWAY,KM,NL31	177 	177 	177 	177 	177 	177 	177 	177 	176 	176 	176 	176 
MWAY,KM,NL32	283 	283 	283 	283 	282 	284 	290 	296 	296 	295 	297 	298 
MWAY,KM,NL33	353 	353 	353 	361 	362 	362 	362 	362 	361 	368 	368 	367 
MWAY,KM,NL34	84 	84 	65 	63 	65 	69 	68 	70 	71 	87 	87 	86 
MWAY,KM,NL41	491 	491 	483 	490 	489 	489 	489 	492 	505 	504 	504 	504 
MWAY,KM,NL42	183 	183 	219 	216 	216 	213 	213 	213 	212 	212 	216 	212 
MWAY,KM,NO01	108 	112 	119 	128 	133 	144 	166 	178 	181 	181 	174 	: 
MWAY,KM,NO02	0 	0 	0 	14 	14 	16 	16 	28 	28 	28 	37 	: 
MWAY,KM,NO03	107 	110 	151 	165 	172 	169 	183 	183 	222 	222 	229 	: 
MWAY,KM,NO04	13 	25 	63 	63 	63 	51 	63 	63 	63 	63 	63 	: 
MWAY,KM,NO05	11 	11 	11 	11 	11 	13 	13 	13 	12 	13 	20 	: 
MWAY,KM,NO06	0 	0 	0 	0 	0 	0 	0 	0 	0 	0 	0 	: 
MWAY,KM,NO07	0 	0 	0 	0 	0 	0 	0 	0 	0 	0 	0 	: 
MWAY,KM,PL21	60 	59 	79 	80 	80 	137 	136 	151 	151 	151 	151 	151 
MWAY,KM,PL22	73 	83 	100 	107 	130 	169 	169 	176 	176 	176 	175 	175 
MWAY,KM,PL41	195 	195 	195 	195 	210 	210 	211 	211 	211 	211 	211 	211 
MWAY,KM,PL42	22 	22 	22 	22 	22 	22 	22 	25 	25 	25 	25 	25 
MWAY,KM,PL43	0 	0 	0 	0 	89 	89 	89 	89 	89 	89 	89 	89 
MWAY,KM,PL51	150 	150 	199 	199 	222 	222 	222 	222 	222 	222 	222 	222 
MWAY,KM,PL52	88 	88 	88 	88 	88 	88 	88 	88 	88 	88 	88 	88 
MWAY,KM,PL61	0 	25 	23 	23 	86 	100 	144 	165 	165 	165 	165 	165 
MWAY,KM,PL62	0 	0 	0 	0 	0 	1 	0 	0 	0 	0 	0 	0 
MWAY,KM,PL63	0 	66 	66 	66 	66 	66 	66 	66 	66 	66 	66 	66 
MWAY,KM,PL71	75 	77 	77 	77 	77 	188 	177 	188 	188 	188 	226 	226 
MWAY,KM,PL72	0 	0 	0 	0 	0 	0 	0 	0 	0 	0 	0 	0 
MWAY,KM,PL81	0 	0 	0 	0 	0 	0 	0 	0 	0 	0 	0 	0 
MWAY,KM,PL82	0 	0 	0 	0 	0 	7 	91 	112 	112 	112 	153 	153 
MWAY,KM,PL84	0 	0 	0 	0 	0 	0 	0 	0 	0 	0 	0 	0 
MWAY,KM,PT20	0 	0 	0 	0 	0 	0 	0 	0 	0 	0 	0 	0 
MWAY,KM,PT30	0 	0 	0 	0 	0 	0 	0 	0 	0 	0 	0 	0 
MWAY,KM,RO11	0 	0 	41 	52 	52 	52 	52 	52 	52 	52 	52 	68 
MWAY,KM,RO12	0 	0 	0 	0 	17 	18 	55 	93 	93 	93 	93 	129 
MWAY,KM,RO21	0 	0 	0 	0 	0 	0 	0 	0 	0 	0 	0 	0 
MWAY,KM,RO22	1 	1 	1 	1 	1 	74 	74 	74 	74 	74 	74 	74 
MWAY,KM,RO31	229 	229 	228 	228 	229 	260 	258 	258 	258 	258 	258 	258 
MWAY,KM,RO32	51 	51 	51 	51 	51 	77 	75 	75 	75 	75 	75 	83 
MWAY,KM,RO41	0 	0 	0 	0 	0 	0 	0 	0 	0 	0 	0 	0 
MWAY,KM,RO42	0 	0 	0 	0 	0 	69 	130 	131 	195 	195 	211 	211 
MWAY,KM,SE11	268 b	262 	297 	296 	297 	297 	304 	308 	310 	309 	313 	313 
MWAY,KM,SE12	540 b	553 	565 	585 	582 	580 	579 	590 	589 	589 	589 	589 
MWAY,KM,SE21	194 b	190 	191 	194 	194 	194 	194 	194 	194 	194 	197 	197 
MWAY,KM,SE22	304 b	309 	307 	320 	329 	333 	342 	356 	361 	361 	365 	365 
MWAY,KM,SE23	409 b	428 	454 	467 	473 	517 	542 	543 	568 	568 	570 	570 
MWAY,KM,SE31	101 b	92 	89 	89 	62 	62 	62 	62 	61 	61 	63 	63 
MWAY,KM,SE32	15 b	16 	15 	15 	15 	15 	15 	29 	29 	29 	29 	29 
MWAY,KM,SE33	6 b	6 	6 	6 	6 	6 	6 	6 	6 	6 	6 	6 
MWAY,KM,SI03	: 	: 	: 	: 	: 	384 	391 	315 	315 	315 	322 	295 
MWAY,KM,SI04	: 	: 	: 	: 	: 	385 	380 	292 	295 	295 	296 	328 
MWAY,KM,SK01	110 	110 	110 	110 	114 	114 	114 	112 	110 	110 	110 	110 
MWAY,KM,SK02	148 	147 	147 	158 	158 	158 	155 	155 	155 	155 	155 	155 
MWAY,KM,SK03	69 	69 	70 	70 	69 	69 	67 	67 	83 	83 	102 	102 
MWAY,KM,SK04	46 	66 	73 	89 	89 	91 	89 	87 	116 	116 	116 	116 
MWAY,KM,TR10	211 	194 	186 	186 	186 	186 	303 	303 	303 	451 	451 	513 
MWAY,KM,TR21	185 	183 	165 	165 	165 	165 	165 	165 	165 	165 	165 	165 
MWAY,KM,TR22	0 	0 	0 	0 	0 	0 	: 	: 	: 	: 	39 	70 
MWAY,KM,TR31	174 	210 	209 	209 	213 	213 	213 	221 	225 	247 	258 	258 
MWAY,KM,TR32	88 	51 	51 	51 	51 	51 	51 	51 	51 	53 	53 	53 
MWAY,KM,TR33	0 	0 	0 	0 	0 	0 	: 	: 	: 	: 	48 	100 
MWAY,KM,TR41	65 	65 	65 	74 	74 	74 	74 	80 	80 	131 	148 	148 
MWAY,KM,TR42	281 	329 	331 	331 	331 	331 	330 	330 	330 	367 	367 	405 
MWAY,KM,TR51	207 	199 	198 	198 	198 	198 	198 	198 	198 	198 	198 	200 
MWAY,KM,TR52	0 	0 	0 	0 	0 	0 	: 	: 	: 	: 	: 	: 
MWAY,KM,TR61	0 	0 	0 	0 	0 	0 	: 	: 	: 	: 	: 	: 
MWAY,KM,TR62	320 	311 	311 	318 	311 	309 	307 	307 	307 	307 	307 	307 
MWAY,KM,TR63	194 	203 	195 	195 	195 	195 	194 	194 	194 	194 	194 	194 
MWAY,KM,TR71	0 	0 	70 	70 	104 	114 	115 	135 	135 	135 	135 	135 
MWAY,KM,TR72	0 	0 	0 	0 	0 	0 	: 	: 	: 	: 	: 	: 
MWAY,KM,TR81	0 	0 	0 	0 	0 	0 	: 	: 	: 	: 	: 	: 
MWAY,KM,TR82	0 	0 	0 	0 	0 	0 	: 	: 	: 	: 	: 	: 
MWAY,KM,TR83	0 	0 	0 	0 	0 	0 	: 	: 	: 	: 	: 	: 
MWAY,KM,TR90	0 	0 	0 	0 	0 	0 	0 	0 	0 	0 	0 	0 
MWAY,KM,TRA1	0 	0 	0 	0 	0 	0 	: 	: 	: 	: 	: 	: 
MWAY,KM,TRA2	0 	0 	0 	0 	0 	0 	: 	: 	: 	: 	: 	: 
MWAY,KM,TRB1	0 	0 	0 	0 	0 	0 	: 	: 	: 	: 	: 	: 
MWAY,KM,TRB2	0 	0 	0 	0 	0 	0 	: 	: 	: 	: 	: 	: 
MWAY,KM,TRC1	158 	156 	134 	137 	145 	145 	148 	148 	148 	148 	148 	148 
MWAY,KM,TRC2	104 	109 	121 	146 	146 	146 	146 	146 	146 	146 	146 	146 
MWAY,KM,TRC3	0 	0 	0 	0 	0 	0 	: 	: 	: 	: 	: 	: 
MWAY,KM,UKN0	114 	114 	114 	114 	115 	116 	115 	115 	115 	115 	115 	115 
MWAY,KM_TKM2,AT11	17 	22 	22 	22 	22 	22 	22 	22 	22 	20 	20 	21 
MWAY,KM_TKM2,AT12	17 	17 	17 	18 	18 	19 	19 	19 	19 	18 	20 	20 
MWAY,KM_TKM2,AT13	109 	109 	109 	109 	109 	109 	109 	109 	109 	104 	104 	109 
MWAY,KM_TKM2,AT21	26 	26 	26 	26 	26 	26 	26 	26 	26 	25 	25 	26 
MWAY,KM_TKM2,AT22	19 	19 	19 	19 	19 	19 	19 	19 	19 	19 	19 	19 
MWAY,KM_TKM2,AT31	26 	26 	26 	26 	26 	26 	26 	26 	26 	25 	25 	26 
MWAY,KM_TKM2,AT32	20 	20 	20 	20 	20 	20 	20 	20 	20 	20 	20 	20 
MWAY,KM_TKM2,AT33	15 	15 	15 	15 	15 	15 	15 	15 	15 	15 	15 	15 
MWAY,KM_TKM2,AT34	25 	25 	25 	25 	25 	25 	25 	25 	25 	24 	24 	25 
MWAY,KM_TKM2,BE10	70 	70 	70 	71 	70 	70 	70 	70 	70 	70 	70 	68 
MWAY,KM_TKM2,BE21	79 	79 	79 	77 	79 	79 	79 	79 	79 	77 	77 	78 
MWAY,KM_TKM2,BE22	44 	44 	44 	44 	44 	44 	44 	44 	44 	44 	44 	44 
MWAY,KM_TKM2,BE23	66 	66 	66 	66 	66 	66 	66 	66 	66 	66 	66 	66 
MWAY,KM_TKM2,BE24	83 	83 	83 	83 	83 	83 	83 	83 	83 	83 	83 	83 
MWAY,KM_TKM2,BE25	60 	60 	60 	60 	60 	60 	60 	60 	60 	60 	60 	59 
MWAY,KM_TKM2,BE31	57 	57 	57 	58 	57 	57 	57 	57 	57 	57 	57 	57 
MWAY,KM_TKM2,BE32	75 	75 	75 	75 	75 	75 	75 	75 	75 	75 	75 	75 
MWAY,KM_TKM2,BE33	69 	69 	69 	69 	69 	69 	69 	69 	69 	69 	69 	69 
MWAY,KM_TKM2,BE34	35 	35 	35 	35 	35 	35 	35 	35 	35 	35 	35 	35 
MWAY,KM_TKM2,BE35	28 	28 	28 	28 	28 	28 	28 	28 	28 	28 	28 	28 
MWAY,KM_TKM2,BG31	0 	0 	0 	0 	0 	0 	0 	0 	0 	0 	0 	0 
MWAY,KM_TKM2,BG32	0 	0 	0 	0 	0 	0 	0 	0 	0 	0 	0 	0 
MWAY,KM_TKM2,BG33	6 	6 	6 	6 	6 	6 	6 	6 	7 	7 	7 	7 
MWAY,KM_TKM2,BG34	4 	4 	4 	4 	4 	9 	10 	11 	12 	11 	11 	11 
MWAY,KM_TKM2,BG41	6 	6 	6 	6 	7 	7 	8 	8 	11 	11 	11 	12 
MWAY,KM_TKM2,BG42	6 	6 	6 	6 	6 	6 	6 	7 	9 	9 	9 	9 
MWAY,KM_TKM2,CH01	34 	34 	34 	34 	34 	34 	34 	34 	41 	39 	39 	42 
MWAY,KM_TKM2,CH02	33 	33 	33 	33 	33 	34 	34 	35 	43 	42 	44 	45 
MWAY,KM_TKM2,CH03	71 	71 	71 	71 	71 	71 	71 	71 	71 	71 	71 	72 
MWAY,KM_TKM2,CH04	67 	67 	81 	81 	83 	83 	83 	83 	91 	87 	87 	91 
MWAY,KM_TKM2,CH05	21 	21 	21 	21 	21 	21 	21 	21 	34 	33 	33 	34 
MWAY,KM_TKM2,CH06	42 	42 	42 	42 	42 	42 	42 	42 	61 	58 	58 	61 
MWAY,KM_TKM2,CH07	40 	40 	40 	40 	40 	40 	40 	40 	50 	49 	49 	51 
MWAY,KM_TKM2,CY00	28 	28 	28 	28 	28 	28 	28 	28 	28 	28 	28 	28 
MWAY,KM_TKM2,CZ01	23 	23 	22 	22 	22 	22 	23 	22 	23 	89 	89 	91 
MWAY,KM_TKM2,CZ02	18 	18 	18 	18 	18 	18 	18 	18 	18 	31 	32 	33 
MWAY,KM_TKM2,CZ03	7 	7 	7 	7 	7 	7 	9 	9 	9 	9 	9 	10 
MWAY,KM_TKM2,CZ04	6 	6 	6 	6 	7 	7 	7 	7 	7 	15 	15 	16 
MWAY,KM_TKM2,CZ05	2 	2 	2 	2 	2 	2 	2 	2 	2 	3 	3 	3 
MWAY,KM_TKM2,CZ06	17 	17 	17 	17 	17 	17 	17 	17 	17 	18 	18 	18 
MWAY,KM_TKM2,CZ07	1 	3 	4 	5 	6 	6 	6 	6 	6 	17 	17 	18 
MWAY,KM_TKM2,CZ08	3 	5 	10 	10 	10 	11 	11 	11 	11 	18 	18 	19 
MWAY,KM_TKM2,DE11	: 	37 	38 	: 	: 	: 	: 	: 	: 	: 	: 	: 
MWAY,KM_TKM2,DE12	: 	38 	39 	: 	: 	: 	: 	: 	: 	: 	: 	: 
MWAY,KM_TKM2,DE13	: 	30 	30 	: 	: 	: 	: 	: 	: 	: 	: 	: 
MWAY,KM_TKM2,DE14	: 	12 	13 	: 	: 	: 	: 	: 	: 	: 	: 	: 
MWAY,KM_TKM2,DE21	: 	34 	34 	34 	: 	: 	: 	: 	: 	: 	: 	: 
MWAY,KM_TKM2,DE22	: 	23 	23 	23 	: 	: 	: 	: 	: 	: 	: 	: 
MWAY,KM_TKM2,DE23	: 	35 	35 	35 	: 	: 	: 	: 	: 	: 	: 	: 
MWAY,KM_TKM2,DE24	: 	48 	48 	48 	: 	: 	: 	: 	: 	: 	: 	: 
MWAY,KM_TKM2,DE25	: 	49 	49 	49 	: 	: 	: 	: 	: 	: 	: 	: 
MWAY,KM_TKM2,DE26	: 	41 	41 	41 	: 	: 	: 	: 	: 	: 	: 	: 
MWAY,KM_TKM2,DE27	: 	26 	27 	27 	: 	: 	: 	: 	: 	: 	: 	: 
MWAY,KM_TKM2,DE30	82 	86 	86 	86 	87 	86 	86 	86 	86 	86 	86 	91 
MWAY,KM_TKM2,DE40	27 	27 	27 	27 	27 	27 	27 	27 	27 	27 	27 	28 
MWAY,KM_TKM2,DE50	176 	186 	186 	186 	179 	179 	179 	191 	191 	191 	191 	205 
MWAY,KM_TKM2,DE60	107 	107 	107 	107 	107 	107 	107 	107 	107 	107 	107 	114 
MWAY,KM_TKM2,DE71	: 	64 	64 	64 	: 	: 	: 	: 	: 	: 	: 	: 
MWAY,KM_TKM2,DE72	: 	37 	37 	37 	: 	: 	: 	: 	: 	: 	: 	: 
MWAY,KM_TKM2,DE73	: 	35 	35 	35 	: 	: 	: 	: 	: 	: 	: 	: 
MWAY,KM_TKM2,DE80	23 	23 	24 	24 	24 	24 	24 	24 	24 	24 	25 	26 
MWAY,KM_TKM2,DE91	: 	34 	35 	: 	: 	: 	: 	: 	: 	: 	: 	: 
MWAY,KM_TKM2,DE92	: 	25 	25 	: 	: 	: 	: 	: 	: 	: 	: 	: 
MWAY,KM_TKM2,DE93	: 	19 	24 	: 	: 	: 	: 	: 	: 	: 	: 	: 
MWAY,KM_TKM2,DE94	: 	37 	37 	: 	: 	: 	: 	: 	: 	: 	: 	: 
MWAY,KM_TKM2,DEA1	: 	121 	123 	123 	: 	: 	: 	: 	: 	: 	: 	: 
MWAY,KM_TKM2,DEA2	: 	76 	76 	76 	: 	: 	: 	: 	: 	: 	: 	: 
MWAY,KM_TKM2,DEA3	: 	52 	52 	52 	: 	: 	: 	: 	: 	: 	: 	: 
MWAY,KM_TKM2,DEA4	: 	29 	29 	29 	: 	: 	: 	: 	: 	: 	: 	: 
MWAY,KM_TKM2,DEA5	: 	56 	56 	56 	: 	: 	: 	: 	: 	: 	: 	: 
MWAY,KM_TKM2,DEB1	: 	32 	32 	32 	: 	: 	: 	: 	: 	: 	: 	: 
MWAY,KM_TKM2,DEB2	: 	37 	37 	38 	: 	: 	: 	: 	: 	: 	: 	: 
MWAY,KM_TKM2,DEB3	: 	63 	63 	63 	: 	: 	: 	: 	: 	: 	: 	: 
MWAY,KM_TKM2,DEC0	93 	93 	93 	93 	93 	93 	93 	93 	93 	93 	93 	94 
MWAY,KM_TKM2,DED2	27 	27 	27 	27 	: 	: 	: 	: 	: 	: 	: 	: 
MWAY,KM_TKM2,DED4	31 	31 	31 	31 	: 	: 	: 	: 	: 	: 	: 	: 
MWAY,KM_TKM2,DED5	28 	28 	28 	28 	: 	: 	: 	: 	: 	: 	: 	: 
MWAY,KM_TKM2,DEE0	19 	20 	20 	20 	20 	20 	20 	20 	20 	20 	20 	25 
MWAY,KM_TKM2,DEF0	32 	32 	34 	34 	34 	34 	34 	34 	34 	34 	34 	35 
MWAY,KM_TKM2,DEG0	29 	30 	31 	31 	31 	31 	32 	32 	32 	32 	32 	32 
MWAY,KM_TKM2,DK01	61 	61 	61 d	61 	62 	63 	63 	62 	64 	64 	65 	69 
MWAY,KM_TKM2,DK02	36 	36 	36 d	36 	36 	36 	37 	37 	37 	37 	37 	38 
MWAY,KM_TKM2,DK03	26 	27 	27 d	27 	27 	30 	31 	31 	31 	31 	31 	32 
MWAY,KM_TKM2,DK04	14 	15 	15 d	15 	15 	17 	17 	19 	19 	20 	24 	26 
MWAY,KM_TKM2,DK05	24 	24 	24 d	24 	24 	24 	24 	24 	24 	24 	24 	24 
MWAY,KM_TKM2,EE00	2 	2 	2 	3 	3 	3 	3 	3 	3 	3 	4 	4 
MWAY,KM_TKM2,ES11	28 	31 	32 	33 	34 	34 	35 	35 	37 	37 	37 	38 
MWAY,KM_TKM2,ES12	35 	37 	37 	37 	37 	39 	41 	43 	43 	43 	43 	43 
MWAY,KM_TKM2,ES13	39 	41 	41 	41 	41 	43 	43 	43 	48 	48 	48 	48 
MWAY,KM_TKM2,ES21	68 	71 	73 	74 	77 	74 	74 	66 	68 	69 	69 	69 
MWAY,KM_TKM2,ES22	31 	33 	34 	34 	36 	36 	36 	36 	37 	37 	37 	37 
MWAY,KM_TKM2,ES23	31 	32 	32 	32 	32 	33 	33 	35 	36 	36 	36 	36 
MWAY,KM_TKM2,ES24	13 	14 	14 	15 	16 	16 	16 	16 	16 	17 	17 	17 
MWAY,KM_TKM2,ES30	94 	94 	95 	95 	98 	97 	98 	98 	98 	96 	96 	96 
MWAY,KM_TKM2,ES41	19 	21 	23 	23 	23 	24 	24 	24 	25 	25 	25 	25 
MWAY,KM_TKM2,ES42	19 	20 	21 	23 	22 	23 	23 	23 	23 	23 	23 	23 
MWAY,KM_TKM2,ES43	15 	16 	16 	16 	17 	17 	17 	17 	17 	17 	17 	17 
MWAY,KM_TKM2,ES51	40 	37 	40 	38 	40 	40 	45 	46 	45 	45 	46 	46 
MWAY,KM_TKM2,ES52	49 	47 	47 	48 	49 	49 	50 	49 	49 	51 	51 	51 
MWAY,KM_TKM2,ES53	19 	19 	19 	19 	19 	19 	19 	19 	19 	19 	19 	19 
MWAY,KM_TKM2,ES61	26 	27 	27 	28 	28 	28 	28 	29 	30 	29 	30 	30 
MWAY,KM_TKM2,ES62	40 	44 	46 	47 	47 	48 	50 	50 	51 	51 	53 	53 
MWAY,KM_TKM2,ES63	0 	0 	0 	0 	0 	0 	0 	0 	0 	0 	0 	0 
MWAY,KM_TKM2,ES64	0 	0 	0 	0 	0 	0 	0 	0 	0 	0 	0 	0 
MWAY,KM_TKM2,ES70	29 	29 	29 	29 	29 	31 	31 	32 	33 	34 	36 	37 
MWAY,KM_TKM2,FI19	2 	2 	2 	2 	2 	2 	2 	2 	2 	2 	2 	2 
MWAY,KM_TKM2,FI1B	28 	28 	31 	31 	31 	31 	31 	35 	35 	34 	34 	35 
MWAY,KM_TKM2,FI1C	8 	9 	9 	9 	9 	9 	9 	10 	10 	9 	9 	11 
MWAY,KM_TKM2,FI1D	0 	0 	0 	1 	1 	1 	1 	1 	1 	1 	1 	1 
MWAY,KM_TKM2,FI20	0 	0 	0 	0 	0 	0 	0 	0 	0 	0 	0 	0 
MWAY,KM_TKM2,FR10	51 	50 	50 	50 	51 	51 	51 	51 	51 	51 	51 	51 
MWAY,KM_TKM2,FRB0	23 	23 	25 	25 	25 	25 	25 	25 	25 	25 	25 	25 
MWAY,KM_TKM2,FRC1	22 	22 	22 	22 	22 	22 	22 	22 	22 	22 	22 	22 
MWAY,KM_TKM2,FRC2	13 	13 	13 	13 	13 	13 	13 	13 	13 	13 	13 	13 
MWAY,KM_TKM2,FRD1	14 	14 	14 	16 	16 	16 	16 	17 	16 	16 	16 	16 
MWAY,KM_TKM2,FRD2	35 	35 	35 	35 	35 	35 	35 	35 	36 	36 	36 	36 
MWAY,KM_TKM2,FRE1	48 	51 	51 	51 	51 	51 	51 	51 	51 	50 	50 	50 
MWAY,KM_TKM2,FRE2	28 	28 	28 	28 	28 	28 	28 	28 	28 	28 	28 	29 
MWAY,KM_TKM2,FRF1	36 	36 	36 	37 	37 	37 	37 	37 	36 	36 	36 	36 
MWAY,KM_TKM2,FRF2	20 	20 	20 	20 	20 	20 	20 	20 	20 	20 	20 	21 
MWAY,KM_TKM2,FRF3	20 	20 	20 	20 	20 	20 	20 	20 	20 	20 	20 	20 
MWAY,KM_TKM2,FRG0	22 	23 	23 	23 	23 	23 	23 	23 	23 	23 	23 	23 
MWAY,KM_TKM2,FRH0	2 	2 	2 	2 	2 	2 	2 	2 	2 	2 	2 	2 
MWAY,KM_TKM2,FRI1	15 	15 	15 	19 	19 	19 	21 	19 	21 	21 	21 	21 
MWAY,KM_TKM2,FRI2	15 	15 	16 	16 	16 	16 	16 	16 	16 	16 	16 	16 
MWAY,KM_TKM2,FRI3	12 	12 	12 	12 	12 	12 	12 	12 	12 	12 	12 	12 
MWAY,KM_TKM2,FRJ1	19 	20 	20 	21 	21 	21 	21 	21 	21 	21 	21 	22 
MWAY,KM_TKM2,FRJ2	14 	14 	14 	14 	14 	14 	14 	14 	14 	14 	14 	14 
MWAY,KM_TKM2,FRK1	14 	15 	15 	15 	15 	15 	15 	15 	15 	15 	15 	15 
MWAY,KM_TKM2,FRK2	27 	27 	27 	28 	28 	28 	29 	29 	29 	29 	29 	29 
MWAY,KM_TKM2,FRL0	24 	24 	24 	24 	24 	24 	24 	24 	24 	24 	24 	24 
MWAY,KM_TKM2,FRM0	0 	0 	0 	0 	0 	0 	0 	0 	0 	0 	0 	0 
MWAY,KM_TKM2,FRY1	: 	: 	: 	: 	: 	: 	: 	0 	0 	0 	0 	0 
MWAY,KM_TKM2,FRY2	0 	0 	0 	0 	0 	0 	0 	0 	0 	0 	0 	0 
MWAY,KM_TKM2,FRY3	0 	0 	0 	0 	0 	0 	0 	0 	0 	0 	0 	0 
MWAY,KM_TKM2,FRY4	0 	0 	0 	0 	0 	0 	0 	0 	0 	0 	0 	0 
MWAY,KM_TKM2,FRY5	0 	0 	0 	0 	0 	0 	0 	0 	0 	0 	0 	0 
MWAY,KM_TKM2,HR03	23 	24 	24 	24 	25 	25 	26 	26 	26 	26 	26 	27 
MWAY,KM_TKM2,HR04	19 	19 	20 	20 	20 	20 	20 	20 	21 	21 	21 	21 
MWAY,KM_TKM2,HU11	: 	: 	: 	: 	: 	: 	: 	: 	: 	: 	: 	120 
MWAY,KM_TKM2,HU12	: 	: 	: 	: 	: 	: 	: 	: 	: 	: 	: 	39 
MWAY,KM_TKM2,HU21	22 	23 	23 	24 	24 	24 	24 	24 	24 	24 	24 	24 
MWAY,KM_TKM2,HU22	12 	15 	15 	15 	15 	15 	15 	15 	16 	17 	17 	17 
MWAY,KM_TKM2,HU23	7 	9 	9 	21 	21 	21 	21 	21 	21 	21 	21 	22 
MWAY,KM_TKM2,HU31	13 	13 	13 	13 	13 	13 	13 	13 	13 	13 	13 	13 
MWAY,KM_TKM2,HU32	7 	7 	7 	7 	7 	7 	10 	11 	11 	11 	11 	13 
MWAY,KM_TKM2,HU33	8 	8 	8 	8 	10 	10 	10 	10 	11 	11 	11 	12 
MWAY,KM_TKM2,IE04	: 	: 	: 	: 	: 	: 	: 	: 	: 	: 	: 	3 
MWAY,KM_TKM2,IE05	: 	: 	: 	: 	: 	: 	: 	: 	: 	: 	: 	17 
MWAY,KM_TKM2,IE06	: 	: 	: 	: 	: 	: 	: 	: 	: 	: 	: 	24 
MWAY,KM_TKM2,IS00	: z	: 	: 	: 	: 	: 	: 	: 	: 	: 	: 	: 
MWAY,KM_TKM2,ITC1	33 	33 	33 	33 	33 	33 	32 	32 	33 	33 	33 	33 
MWAY,KM_TKM2,ITC2	35 	35 	35 	35 	35 	35 	35 	35 	35 	35 	35 	34 
MWAY,KM_TKM2,ITC3	70 	70 	70 	70 	70 	70 	69 	69 	69 	69 	69 	68 
MWAY,KM_TKM2,ITC4	25 	26 	26 	26 	26 	26 	26 	28 	30 	30 	30 	31 
MWAY,KM_TKM2,ITF1	33 	33 	33 	33 	33 	33 	32 	32 	33 	33 	33 	33 
MWAY,KM_TKM2,ITF2	8 	8 	8 	8 	8 	8 	8 	8 	8 	8 	8 	8 
MWAY,KM_TKM2,ITF3	33 	33 	33 	33 	33 	33 	32 	32 	32 	32 	32 	33 
MWAY,KM_TKM2,ITF4	16 	16 	16 	16 	16 	16 	16 	16 	16 	16 	16 	16 
MWAY,KM_TKM2,ITF5	3 	3 	3 	3 	3 	3 	3 	3 	3 	3 	3 	3 
MWAY,KM_TKM2,ITF6	20 	20 	20 	20 	20 	20 	19 	19 	19 	19 	19 	19 
MWAY,KM_TKM2,ITG1	25 	26 	26 	26 	26 	26 	26 	26 	26 	26 	26 	26 
MWAY,KM_TKM2,ITG2	: 	: 	: 	: 	: 	: 	: 	: z	: 	: 	: 	: 
MWAY,KM_TKM2,ITH1	29 	29 	29 	29 	29 	29 	29 d	29 d	29 d	29 d	29 d	28 
MWAY,KM_TKM2,ITH3	28 	28 	30 	30 	30 	32 	30 	31 	32 	32 	32 	34 
MWAY,KM_TKM2,ITH4	28 	28 	28 	28 	28 	28 	27 	27 	27 	27 	27 	32 
MWAY,KM_TKM2,ITH5	25 	25 	25 	25 	25 	25 	25 	25 	25 	25 	25 	26 
MWAY,KM_TKM2,ITI1	19 	19 	19 	19 	19 	20 	19 	19 	20 	20 	20 	20 
MWAY,KM_TKM2,ITI2	7 	7 	7 	7 	7 	7 	7 	7 	7 	7 	7 	7 
MWAY,KM_TKM2,ITI3	18 	18 	18 	18 	18 	18 	18 	18 	18 	18 	18 	18 
MWAY,KM_TKM2,ITI4	28 	28 	28 	28 	28 	28 	27 	28 	29 	29 	29 	29 
MWAY,KM_TKM2,LI00	: z	: z	: z	: z	: z	: z	: z	0 	0 	0 	0 	0 
MWAY,KM_TKM2,LT01	: 	: 	: 	: 	: 	: 	: 	: 	: 	: 	: 	10 
MWAY,KM_TKM2,LT02	: 	: 	: 	: 	: 	: 	: 	: 	: 	: 	: 	4 
MWAY,KM_TKM2,LU00	57 	57 	59 	59 	59 	59 	59 	59 	62 	62 	64 	64 
MWAY,KM_TKM2,LV00	0 	0 	0 	0 	0 	0 	0 	0 	0 	0 	0 	0 
MWAY,KM_TKM2,MT00	: z	: z	: z	: z	: z	: z	: 	0 	0 	0 	0 	0 
MWAY,KM_TKM2,NL11	40 	40 	40 	41 	41 	41 	41 	41 	47 	37 	36 	45 
MWAY,KM_TKM2,NL12	56 	56 	58 	59 	58 	60 	60 	61 	62 	36 	36 	61 
MWAY,KM_TKM2,NL13	42 	42 	48 	48 	48 	48 	48 	48 	56 	55 	55 	55 
MWAY,KM_TKM2,NL21	40 	40 	44 	44 	45 	45 	45 	45 	45 	45 	45 	46 
MWAY,KM_TKM2,NL22	79 	79 	79 	79 	79 	79 	79 	79 	79 	77 	77 	79 
MWAY,KM_TKM2,NL23	70 	70 	70 	70 	70 	71 	73 	73 	73 	42 	42 	72 
MWAY,KM_TKM2,NL31	128 	128 	128 	128 	128 	128 	128 	128 	127 	121 	121 	125 
MWAY,KM_TKM2,NL32	106 	106 	106 	106 	106 	107 	109 	111 	111 	72 	73 	108 
MWAY,KM_TKM2,NL33	125 	125 	125 	128 	129 	129 	129 	129 	129 	108 	108 	127 
MWAY,KM_TKM2,NL34	47 	47 	36 	35 	36 	39 	38 	39 	40 	30 	30 	48 
MWAY,KM_TKM2,NL41	100 	100 	98 	100 	99 	100 	100 	100 	103 	99 	99 	102 
MWAY,KM_TKM2,NL42	85 	85 	102 	100 	100 	99 	99 	99 	99 	96 	98 	98 
MWAY,KM_TKM2,NO01	22 	22 	24 	25 	26 	29 	33 	36 	36 	34 	32 	: 
MWAY,KM_TKM2,NO02	0 	0 	0 	0 	0 	0 	0 	1 	1 	1 	1 	: 
MWAY,KM_TKM2,NO03	3 	3 	4 	5 	5 	5 	5 	5 	7 	6 	6 	: 
MWAY,KM_TKM2,NO04	1 	1 	3 	3 	3 	2 	3 	3 	3 	2 	2 	: 
MWAY,KM_TKM2,NO05	0 	0 	0 	0 	0 	0 	0 	0 	0 	0 	0 	: 
MWAY,KM_TKM2,NO06	0 	0 	0 	0 	0 	0 	0 	0 	0 	0 	0 	: 
MWAY,KM_TKM2,NO07	0 	0 	0 	0 	0 	0 	0 	0 	0 	0 	0 	: 
MWAY,KM_TKM2,PL21	4 	4 	5 	5 	5 	9 	9 	10 	10 	10 	10 	10 
MWAY,KM_TKM2,PL22	6 	7 	8 	9 	11 	14 	14 	14 	14 	14 	14 	14 
MWAY,KM_TKM2,PL41	7 	7 	7 	7 	7 	7 	7 	7 	7 	7 	7 	7 
MWAY,KM_TKM2,PL42	1 	1 	1 	1 	1 	1 	1 	1 	1 	1 	1 	1 
MWAY,KM_TKM2,PL43	0 	0 	0 	0 	6 	6 	6 	6 	6 	6 	6 	6 
MWAY,KM_TKM2,PL51	8 	8 	10 	10 	11 	11 	11 	11 	11 	11 	11 	11 
MWAY,KM_TKM2,PL52	9 	9 	9 	9 	9 	9 	9 	9 	9 	9 	9 	9 
MWAY,KM_TKM2,PL61	0 	1 	1 	1 	5 	6 	8 	9 	9 	9 	9 	9 
MWAY,KM_TKM2,PL62	0 	0 	0 	0 	0 	0 	0 	0 	0 	0 	0 	0 
MWAY,KM_TKM2,PL63	0 	4 	4 	4 	4 	4 	4 	4 	4 	4 	4 	4 
MWAY,KM_TKM2,PL71	: 	: 	: 	: 	: 	: 	: 	: 	: 	: 	12 	12 
MWAY,KM_TKM2,PL72	: 	: 	: 	: 	: 	: 	: 	: 	: 	: 	0 	0 
MWAY,KM_TKM2,PL81	: 	: 	: 	: 	: 	: 	: 	: 	: 	: 	0 	0 
MWAY,KM_TKM2,PL82	: 	: 	: 	: 	: 	: 	: 	: 	: 	: 	9 	9 
MWAY,KM_TKM2,PL84	: 	: 	: 	: 	: 	: 	: 	: 	: 	: 	0 	0 
MWAY,KM_TKM2,PT20	0 	0 	0 	0 	0 	0 	0 	0 	0 	0 	0 	0 
MWAY,KM_TKM2,PT30	0 	0 	0 	0 	0 	0 	0 	0 	0 	0 	0 	0 
MWAY,KM_TKM2,RO11	0 	0 	1 	2 	2 	2 	2 	2 	2 	2 	2 	2 
MWAY,KM_TKM2,RO12	0 	0 	0 	0 	1 	1 	2 	3 	3 	3 	3 	4 
MWAY,KM_TKM2,RO21	0 	0 	0 	0 	0 	0 	0 	0 	0 	0 	0 	0 
MWAY,KM_TKM2,RO22	0 	0 	0 	0 	0 	2 	2 	2 	2 	2 	2 	2 
MWAY,KM_TKM2,RO31	7 	7 	7 	7 	7 	8 	8 	8 	8 	7 	7 	8 
MWAY,KM_TKM2,RO32	29 	29 	29 	29 	29 	44 	43 	43 	43 	41 	41 	47 
MWAY,KM_TKM2,RO41	0 	0 	0 	0 	0 	0 	0 	0 	0 	0 	0 	0 
MWAY,KM_TKM2,RO42	0 	0 	0 	0 	0 	2 	4 	4 	6 	6 	7 	7 
MWAY,KM_TKM2,SE11	41 b	40 	46 	45 	46 	46 	47 	47 	48 	47 	48 	48 
MWAY,KM_TKM2,SE12	14 b	14 	15 	15 	15 	15 	15 	15 	15 	15 	15 	15 
MWAY,KM_TKM2,SE21	6 b	6 	6 	6 	6 	6 	6 	6 	6 	6 	6 	6 
MWAY,KM_TKM2,SE22	22 b	22 	22 	23 	23 	24 	25 	26 	26 	26 	26 	26 
MWAY,KM_TKM2,SE23	14 b	15 	15 	16 	16 	18 	19 	19 	19 	19 	20 	20 
MWAY,KM_TKM2,SE31	2 b	1 	1 	1 	1 	1 	1 	1 	1 	1 	1 	1 
MWAY,KM_TKM2,SE32	0 b	0 	0 	0 	0 	0 	0 	0 	0 	0 	0 	0 
MWAY,KM_TKM2,SE33	0 b	0 	0 	0 	0 	0 	0 	0 	0 	0 	0 	0 
MWAY,KM_TKM2,SI03	: 	: 	: 	: 	: 	31 	31 	26 	26 	25 	26 	24 
MWAY,KM_TKM2,SI04	: 	: 	: 	: 	: 	49 	48 	37 	38 	38 	38 	42 
MWAY,KM_TKM2,SK01	54 	54 	54 	54 	56 	56 	55 	54 	54 	54 	54 	54 
MWAY,KM_TKM2,SK02	10 	10 	10 	11 	11 	11 	10 	10 	10 	10 	10 	10 
MWAY,KM_TKM2,SK03	4 	4 	4 	4 	4 	4 	4 	4 	5 	5 	6 	6 
MWAY,KM_TKM2,SK04	3 	4 	5 	6 	6 	6 	6 	6 	7 	7 	7 	7 
MWAY,KM_TKM2,TR10	41 	37 	36 	36 	36 	36 	58 	58 	58 	85 	85 	99 
MWAY,KM_TKM2,TR21	10 	10 	9 	9 	9 	9 	9 	9 	9 	9 	9 	9 
MWAY,KM_TKM2,TR22	0 	0 	0 	0 	0 	0 	: 	: 	: 	: 	2 	3 
MWAY,KM_TKM2,TR31	14 	17 	17 	17 	18 	18 	18 	18 	19 	21 	21 	22 
MWAY,KM_TKM2,TR32	3 	2 	2 	2 	2 	2 	2 	2 	2 	2 	2 	2 
MWAY,KM_TKM2,TR33	0 	0 	0 	0 	0 	0 	: 	: 	: 	: 	1 	2 
MWAY,KM_TKM2,TR41	2 	2 	2 	3 	3 	3 	3 	3 	3 	5 	5 	5 
MWAY,KM_TKM2,TR42	14 	16 	16 	16 	16 	16 	16 	16 	16 	18 	18 	20 
MWAY,KM_TKM2,TR51	8 	8 	8 	8 	8 	8 	8 	8 	8 	8 	8 	8 
MWAY,KM_TKM2,TR52	0 	0 	0 	0 	0 	0 	: 	: 	: 	: 	: 	: 
MWAY,KM_TKM2,TR61	0 	0 	0 	0 	0 	0 	: 	: 	: 	: 	: 	: 
MWAY,KM_TKM2,TR62	11 	11 	11 	11 	11 	11 	10 	10 	10 	10 	10 	11 
MWAY,KM_TKM2,TR63	8 	9 	8 	8 	8 	8 	8 	8 	8 	8 	8 	8 
MWAY,KM_TKM2,TR71	0 	0 	2 	2 	3 	4 	4 	4 	4 	4 	4 	4 
MWAY,KM_TKM2,TR72	0 	0 	0 	0 	0 	0 	: 	: 	: 	: 	: 	: 
MWAY,KM_TKM2,TR81	0 	0 	0 	0 	0 	0 	: 	: 	: 	: 	: 	: 
MWAY,KM_TKM2,TR82	0 	0 	0 	0 	0 	0 	: 	: 	: 	: 	: 	: 
MWAY,KM_TKM2,TR83	0 	0 	0 	0 	0 	0 	: 	: 	: 	: 	: 	: 
MWAY,KM_TKM2,TR90	0 	0 	0 	0 	0 	0 	0 	0 	0 	0 	0 	0 
MWAY,KM_TKM2,TRA1	0 	0 	0 	0 	0 	0 	: 	: 	: 	: 	: 	: 
MWAY,KM_TKM2,TRA2	0 	0 	0 	0 	0 	0 	: 	: 	: 	: 	: 	: 
MWAY,KM_TKM2,TRB1	0 	0 	0 	0 	0 	0 	: 	: 	: 	: 	: 	: 
MWAY,KM_TKM2,TRB2	0 	0 	0 	0 	0 	0 	: 	: 	: 	: 	: 	: 
MWAY,KM_TKM2,TRC1	10 	10 	9 	9 	9 	9 	10 	10 	10 	9 	9 	10 
MWAY,KM_TKM2,TRC2	3 	3 	4 	4 	4 	4 	4 	4 	4 	4 	4 	4 
MWAY,KM_TKM2,TRC3	0 	0 	0 	0 	0 	0 	: 	: 	: 	: 	: 	: 
MWAY,KM_TKM2,UKN0	8 	8 	8 	8 	9 	9 	8 	8 	8 	8 	8 	8 
